horizon,rmse_single,corr_single,rmse_multi,corr_multi,rmse_weighted,corr_weighted,rmse_reduction_single_vs_multi_%,rmse_reduction_weighted_vs_multi_%,corr_change_single_vs_multi_%,corr_change_weighted_vs_multi_%
tplus1,0.17844155,0.9829286,0.1817333400249481,0.9825748205184937,0.1901086419820785,0.981059193611145,1.8113297342668087,-4.608566571208483,0.03600534779831865,-0.1542505339744869
tplus2,0.3655158,0.92879146,0.3634237945079803,0.9293699860572816,0.3706271052360534,0.9271339178085328,-0.5756380081970041,-1.982069098647019,-0.06224927272892743,-0.24060043710201756
tplus3,0.52741826,0.8475891,0.5217663645744324,0.8519605398178101,0.5255838632583618,0.8501190543174744,-1.083223413639839,-0.731649056574029,-0.5131035550948049,-0.21614680660321323
tplus4,0.6596778,0.74599665,0.6633477807044983,0.7450142502784729,0.6589813828468323,0.7456950545310974,0.5532513729978359,0.6582365969520166,0.1318632121680807,0.09138137322474561
tplus5,0.76759636,0.635617,0.7664490938186646,0.6345945000648499,0.7657962441444397,0.637061357498169,-0.1496858944172567,0.08517847819118333,0.1611265044127618,0.3887297215886682
tplus6,0.8486178,0.5368443,0.8511496782302856,0.5328107476234436,0.8471169471740723,0.538340151309967,0.2974656861234983,0.4737981061801318,0.7570328478822473,1.0377800581513916
